<?xml version="1.0" ?>

<container xmlns="http://symfony.com/schema/dic/services"
           xmlns:xsi="http://www.w3.org/2001/XMLSchema-instance"
           xsi:schemaLocation="http://symfony.com/schema/dic/services http://symfony.com/schema/dic/services/services-1.0.xsd">

    <services>

        <service id="mollie_shopware.payment_service" class="MollieShopware\Components\Mollie\PaymentService">

            <argument type="service" id="mollie_shopware.api_factory" />
            <argument type="service" id="session" />

        </service>

        <service id="mollie_shopware.order_service" class="MollieShopware\Components\Mollie\OrderService">
        </service>



        <service id="mollie_shopware.schema" class="MollieShopware\Components\Schema">
            <argument type="service" id="models" />
        </service>

        <service id="mollie_shopware.attributes" class="MollieShopware\Components\Attributes">
            <argument type="service" id="models" />
            <argument type="service" id="shopware_attribute.crud_service" />
        </service>

        <service id="mollie_shopware.config" class="MollieShopware\Components\Config">
            <argument type="service" id="shopware.plugin.cached_config_reader" />
        </service>

        <service id="mollie_shopware.api_factory" class="MollieShopware\Components\MollieApiFactory">
            <argument type="service" id="mollie_shopware.config" />
        </service>

        <service id="mollie_shopware.api" class="Mollie_API_Client">
            <factory service="mollie_shopware.api_factory" method="create" />
        </service>

        <service id="mollie_shopware.customer" class="MollieShopware\Components\CurrentCustomer">
            <argument type="service" id="session" />
            <argument type="service" id="models" />
        </service>

        <service id="mollie_shopware.payment_methods.ideal" class="MollieShopware\PaymentMethods\Ideal">
            <argument type="service" id="mollie_shopware.api" />
            <argument type="service" id="mollie_shopware.customer" />
            <argument type="service" id="models" />
        </service>


        <!-- Event Subscribers -->
        <service id="mollie_shopware.subscriber.frontend_view" class="MollieShopware\Subscriber\FrontendViewSubscriber">
            <tag name="shopware.event_subscriber" />
        </service>

        <service id="mollie_shopware.subscriber.ideal_issuers" class="MollieShopware\Subscriber\IdealIssuersSubscriber">
            <argument type="service" id="mollie_shopware.payment_methods.ideal" />
            <tag name="shopware.event_subscriber" />
        </service>

    </services>
</container>