<?xml version="1.0" ?>

<container xmlns="http://symfony.com/schema/dic/services"
           xmlns:xsi="http://www.w3.org/2001/XMLSchema-instance"
           xsi:schemaLocation="http://symfony.com/schema/dic/services http://symfony.com/schema/dic/services/services-1.0.xsd">

    <services>

        <service id="kiener_mollie.schema" class="kienerMollie\Components\Schema">
            <argument type="service" id="models" />
        </service>

        <service id="kiener_mollie.attributes" class="kienerMollie\Components\Attributes">
            <argument type="service" id="models" />
            <argument type="service" id="shopware_attribute.crud_service" />
        </service>

        <service id="kiener_mollie.config" class="kienerMollie\Components\Config">
            <argument type="service" id="shopware.plugin.cached_config_reader" />
        </service>

        <service id="kiener_mollie.api_factory" class="kienerMollie\Components\MollieApiFactory">
            <argument type="service" id="kiener_mollie.config" />
        </service>

        <service id="kiener_mollie.api" class="Mollie_API_Client">
            <factory service="kiener_mollie.api_factory" method="create" />
        </service>

        <service id="kiener_mollie.customer" class="kienerMollie\Components\CurrentCustomer">
            <argument type="service" id="session" />
            <argument type="service" id="models" />
        </service>

        <service id="kiener_mollie.payment_methods.ideal" class="kienerMollie\PaymentMethods\Ideal">
            <argument type="service" id="kiener_mollie.api" />
            <argument type="service" id="kiener_mollie.customer" />
            <argument type="service" id="models" />
        </service>


        <!-- Event Subscribers -->
        <service id="kiener_mollie.subscriber.frontend_view" class="kienerMollie\Subscriber\FrontendViewSubscriber">
            <tag name="shopware.event_subscriber" />
        </service>

        <service id="kiener_mollie.subscriber.ideal_issuers" class="kienerMollie\Subscriber\IdealIssuersSubscriber">
            <argument type="service" id="kiener_mollie.payment_methods.ideal" />
            <tag name="shopware.event_subscriber" />
        </service>

    </services>
</container>